videoId,parentId,commentId,textDisplay,Label
0Yw9y1GPGBU,,UgxtUTiV7u0O73zs50F4AaABAg,Lu botak d bayar berapa sama ganjar...,Negatif
0Yw9y1GPGBU,UgzMe2SGb3vmdHLignJ4AaABAg,UgzMe2SGb3vmdHLignJ4AaABAg.9j6oiqnh3IB9j750lSBqHI,üíô Survey sudah membuktikan Ganjar Unggul üíô,Positif
0Yw9y1GPGBU,UgxgnzLuclva7k0Vq9l4AaABAg,UgxgnzLuclva7k0Vq9l4AaABAg.9j6oVnDr5pB9j75YWSepI8,üíô Survey sudah membuktikan Ganjar Unggul üíô,Positif
0Yw9y1GPGBU,Ugx7v6GhTJYOtfJCNxF4AaABAg,Ugx7v6GhTJYOtfJCNxF4AaABAg.9j6kMZNCcFS9j74v4sc8sv,üíô Survey sudah membuktikan Ganjar Unggul üíô,Positif
0Yw9y1GPGBU,UgwjCTTI1Cv9WfOzY1N4AaABAg,UgwjCTTI1Cv9WfOzY1N4AaABAg.9j6a423Yra99j75f5JJlyr,üíô Survey sudah membuktikan Ganjar Unggul üíô,Positif
0Yw9y1GPGBU,,UgwSdL0a8WamyJ7WvWp4AaABAg,Hasil analisa survei sekarang rakyat sdh tdk percaya. Krn jk hasil survei bayaran..atau abal¬≤ apa gunanya.,Negatif
0Yw9y1GPGBU,,UgxMOdEKnZmBuv4sOZJ4AaABAg,GANJAR FOR RI 1 DI 2024...!!!<br>InsyaAllah,Positif
0Yw9y1GPGBU,UgxRAb9jvtrolwUsFKV4AaABAg,UgxRAb9jvtrolwUsFKV4AaABAg.9j6WyECZy189j752PIH7xa,üíô Survey sudah membuktikan Ganjar Unggul üíô,Positif
0Yw9y1GPGBU,Ugxt1KYdPbKOFM-H1hJ4AaABAg,Ugxt1KYdPbKOFM-H1hJ4AaABAg.9j6W81ERHNT9j74xbHqd_4,üíô Survey sudah membuktikan Ganjar Unggul üíô,Positif
0Yw9y1GPGBU,,UgyH35lkt42dayYt87B4AaABAg,Ah masaaaaüòÅüòÅüòÅ,Negatif
0Yw9y1GPGBU,UgxAw1WGNZwoUWS0hYZ4AaABAg,UgxAw1WGNZwoUWS0hYZ4AaABAg.9j67VWxncI99j6SxFke02m,Ganjar Pranowo TERATAS ‚òù,Positif
0Yw9y1GPGBU,,UgzldLNikmsIaJyhA954AaABAg,Survei abal2 dimana sj yg di Survei si Yunarto bijana nieee. Tdk percaya dgn Survei ini.,Negatif
0Yw9y1GPGBU,UgwVPh4yLHKNMy1n4lx4AaABAg,UgwVPh4yLHKNMy1n4lx4AaABAg.9j5wkwPP_MU9j6SyIEuHzk,Ganjar Pranowo TERATAS ‚òù,Positif
0Yw9y1GPGBU,,UgzyurmfppcVXuaKtBF4AaABAg,GANJAR PRESIDEN PRABOWO WAPRES  MANTAP,Positif
0Yw9y1GPGBU,,UgzHhIoKUBWBHK1y9fl4AaABAg,"Di uji aja nanti debate presidennya dlm bhs inggris, yakin cepet ketawan tuh siapa akan bawa perubahan. Anak2 millennials jago2 skrg üòÖ. Jgn cuma issue Islamophobia doang tapi pas bhs inggris minder‚Ä¶",Negatif
0Yw9y1GPGBU,UgxonfcZfhlmnxx3FP14AaABAg,UgxonfcZfhlmnxx3FP14AaABAg.9j5ksgoMx3O9j6STh3hZsO,Ganjar Pranowo TERATAS ‚òù,Positif
0Yw9y1GPGBU,,Ugwwc8tptLdfvKWr8Lt4AaABAg,Ganjar Pranowo blm di deklarasikan menjadi  capres aja sudah no satu mantap kan begitu di CAPRES kan dan pak Jokowi mendukung pak GANJAR Pranowo pasti bakal Manang di pemilu 2024 dan menjadi penerus pak Jokowi,Positif
0Yw9y1GPGBU,UgzuQnKg-WLHIVhbZ5N4AaABAg,UgzuQnKg-WLHIVhbZ5N4AaABAg.9j5k02JUgGj9j6S7y217mW,Ganjar Pranowo TERATAS ‚òù,Positif
0Yw9y1GPGBU,,Ugz6gV6TTAAd8ZFCK4t4AaABAg,Sy lebih percaya surveynya ILC,Negatif
0Yw9y1GPGBU,UgxD-DflKdE-NSrUaYx4AaABAg,UgxD-DflKdE-NSrUaYx4AaABAg.9j5gsN4WqWr9j74oxewKyt,üíô Survey sudah membuktikan Ganjar Unggul üíô,Positif
0Yw9y1GPGBU,,Ugy9SuOmoHxAWcRgi794AaABAg,Siap menang. Harus siap kalah.<br>Jangan belum 2  sdh menuduh. Survey  bohong. Pemilu curang. KPU. tdk bisa di percaya. Pemerintah tdk netral.<br>Klu sdh begini. Ngak usah ikut pilpres.<br>Narasi. Klu kalah berarti curang. Itu  sdh basi. Tdk sportif. Primitif.,Positif
0Yw9y1GPGBU,,UgwZYU66PJ5A3tGhHLh4AaABAg,Dari dulu pilih p prabowo smoga di th 2024 p prabowo jd RI 1,Positif
0Yw9y1GPGBU,,Ugwlb1YndqRAF0R0oud4AaABAg,Kekuatan kekuasaan sangat besar untuk mendukung calonnya.,Negatif
0Yw9y1GPGBU,Ugz_ndf1H4wVr7CdFth4AaABAg,Ugz_ndf1H4wVr7CdFth4AaABAg.9j5cI7E5Ya79j6SLy_NPS3,Ganjar Pranowo TERATAS ‚òù,Positif
0Yw9y1GPGBU,Ugy1C_ChmKmTmWTEmb94AaABAg,Ugy1C_ChmKmTmWTEmb94AaABAg.9j5_A4GAss_9j74qoS1IJT,üíô Survey sudah membuktikan Ganjar Unggul üíô,Positif
0Yw9y1GPGBU,,Ugz3eV93_UA7sFE2vYF4AaABAg,Tetap Prabowo,Positif
0Yw9y1GPGBU,UgyxwNCycoxXE8sBF5B4AaABAg,UgyxwNCycoxXE8sBF5B4AaABAg.9j5UsBtvXoj9j6T5-te88y,Ganjar Pranowo TERATAS ‚òù,Positif
0Yw9y1GPGBU,,Ugzzdh7jIZPU6cGAFKV4AaABAg,Tapi jangan lupa..yg hampir pasti pegang tiket jadi capres..hanya prabowo lhoo...ganjar msh nunggu restu ketum..anis msh nunggu partai lain selain nasdem..,Positif
0Yw9y1GPGBU,UgwllRbW7wMJisFyEmx4AaABAg,UgwllRbW7wMJisFyEmx4AaABAg.9j5Rq7uFKHW9j6SJKEq8bx,Ganjar Pranowo TERATAS ‚òù,Positif
0Yw9y1GPGBU,UgwllRbW7wMJisFyEmx4AaABAg,UgwllRbW7wMJisFyEmx4AaABAg.9j5Rq7uFKHW9j5jLjqJLVs,"Ganjar blm diusung aja surveynya tertinggi, deklarasi relawan dmn2 aplg klo dideklarasikan &amp;mesin pdip bergerak",Positif
0Yw9y1GPGBU,UgxPCQbQKaDcWpLAXlV4AaABAg,UgxPCQbQKaDcWpLAXlV4AaABAg.9j5RFVKa3ag9j6S5DNHBtM,Ganjar Pranowo TERATAS ‚òù,Positif
0Yw9y1GPGBU,,Ugxjg29Fgjc0WT7ZjD94AaABAg,JANGAN PILIH CAPRES KETURUNAN KADAL GURUN  UNTA ARAB alias ANIS B.,Negatif
0Yw9y1GPGBU,,UgzdfZluHP169Hmbeht4AaABAg,"Gw heran, cm bikin sumur aj mangkrak kok ya mo nyapres üòÇ",Negatif
0Yw9y1GPGBU,,UgwhoG1B3o5Y8VMSy0d4AaABAg,Pak Ganjar Pranowo akan liding terus kecuali pak Prabowo akan naik jadi peringkat kedua,Negatif
0Yw9y1GPGBU,,Ugyaqene0jD23HRZPcV4AaABAg,Ini bukan pemilih nya yg eror tapi tukang surwe nya yg eror orang udah pada mati kena korona masih disurwe ya patasan siuban unggul ganjar di jateng udah nggalaku yunarto jangan menggiring opini,Negatif
0Yw9y1GPGBU,,UgxE3uMe_IyN-6yq6i54AaABAg,tumben.....,Negatif
0Yw9y1GPGBU,UgwKftUMtN_fHQV6pNx4AaABAg,UgwKftUMtN_fHQV6pNx4AaABAg.9j5JV3qjcSZ9j6SHJxMH02,Ganjar Pranowo TERATAS ‚òù,Positif
0Yw9y1GPGBU,UgxiBDhFrajG_vOH_Ml4AaABAg,UgxiBDhFrajG_vOH_Ml4AaABAg.9j5H2qBa0ht9j6T7ZbxGrs,Ganjar Pranowo TERATAS ‚òù,Positif
0Yw9y1GPGBU,UgwxUvWGgmDWg2YBaKR4AaABAg,UgwxUvWGgmDWg2YBaKR4AaABAg.9j5GlOy77E_9j6SVZLAhSy,Ganjar Pranowo TERATAS ‚òù,Positif
0Yw9y1GPGBU,,UgwY1a6D4WveRfdsUv14AaABAg,"Ganjar pasti menang, jika ganjar tdk diusung PDIP diambil KIB...PDIP tepar....",Positif
0Yw9y1GPGBU,UgygnVZJpISc8cvFN9B4AaABAg,UgygnVZJpISc8cvFN9B4AaABAg.9j5FKX0RgUZ9j75WMWVRFs,üíô Survey sudah membuktikan Ganjar Unggul üíô,Positif
0Yw9y1GPGBU,UgygnVZJpISc8cvFN9B4AaABAg,UgygnVZJpISc8cvFN9B4AaABAg.9j5FKX0RgUZ9j6dP--tOTz,@Marlboro ya klo berdua dg prabowo.... Tanpa pak Anies. ‚ò∫Ô∏è‚ò∫Ô∏è‚ò∫Ô∏è‚ò∫Ô∏è,Negatif
0Yw9y1GPGBU,UgygnVZJpISc8cvFN9B4AaABAg,UgygnVZJpISc8cvFN9B4AaABAg.9j5FKX0RgUZ9j6S6JGdjku,Ganjar Pranowo TERATAS ‚òù,Positif
0Yw9y1GPGBU,UgwfDBVKcTo_qj85L2J4AaABAg,UgwfDBVKcTo_qj85L2J4AaABAg.9j5FHb_BUpm9j75kgQ2tvl,üíô Survey sudah membuktikan Ganjar Unggul üíô,Positif
0Yw9y1GPGBU,UgxFvOJCF_5ewt9PtYV4AaABAg,UgxFvOJCF_5ewt9PtYV4AaABAg.9j5EZIylxtH9j5ivp3p3Qr,Ilc survey atau poling? Beda bro,Negatif
0Yw9y1GPGBU,,Ugya7xZOMmSdXxyMhOx4AaABAg,PRABOWO PUAN YANG PALING PANTAS DUA2NYA PUNYA PARTAI 1000% TIKET SUDAH DI TANGAN,Positif
0Yw9y1GPGBU,UgwqXuwdz8x_OeioKDB4AaABAg,UgwqXuwdz8x_OeioKDB4AaABAg.9j5CC4RWS-99j6TCYG0Qyx,Ganjar Pranowo TERATAS ‚òù,Positif
0Yw9y1GPGBU,,Ugy8ejsS_d0GS45clpZ4AaABAg,Chartapolitika 2017 paling akurat..,Negatif
0Yw9y1GPGBU,UgxNH0s469WEYxu0J_d4AaABAg,UgxNH0s469WEYxu0J_d4AaABAg.9j58qvAnI2r9j6SP3x9vsB,Ganjar Pranowo TERATAS ‚òù,Positif
0Yw9y1GPGBU,,UgytmstAILjpBMaAY5N4AaABAg,"Semoga semua kandidat adalah kader terbaik ank bangsa, dn Indonesia tetap bersatu padu siapapun Presidennyaüëç",Positif
0Yw9y1GPGBU,,UgxhtgY0XhodXBWl-Zh4AaABAg,Semoga BPK Ganjar Pranowo 2024 Presiden,Positif
0Yw9y1GPGBU,UgxXyVoyfiYmSi9m03R4AaABAg,UgxXyVoyfiYmSi9m03R4AaABAg.9j57ESLvbmc9j6SZKiyLgJ,Ganjar Pranowo TERATAS ‚òù,Positif
0Yw9y1GPGBU,UgxXyVoyfiYmSi9m03R4AaABAg,UgxXyVoyfiYmSi9m03R4AaABAg.9j57ESLvbmc9j5BCcW0GCq,@More Miracle kan sudah dijelaskan disurvai suka Ganjar bukan karena prestasi tapi karena tokohnya. Dengan kata lain prestasi NOL BESAR,Negatif
0Yw9y1GPGBU,UgxXyVoyfiYmSi9m03R4AaABAg,UgxXyVoyfiYmSi9m03R4AaABAg.9j57ESLvbmc9j57NIX9n82,Ganjar tetap unggul üíô,Positif
0Yw9y1GPGBU,,UgxvBYYfdteCXeWBqO54AaABAg,puan mahari harus menjadi capres dari PDIP 2024 sebgai trah sukarno asli untuk melawan capres anies,Positif
0Yw9y1GPGBU,,Ugz1Iu5pk-IEnWwupbV4AaABAg,Menurut sy terlepas dari chartapolitika mendukung calon siapa atau yg mana tapi hasilnya selalu akurat itu yg sy tau...jadi sy percaya ...,Positif
0Yw9y1GPGBU,,Ugyj7aDvdlILIPGKoMN4AaABAg,Ganjar lanjutkan Jokowi,Positif
0Yw9y1GPGBU,Ugzf4-SRziTdsuqAjPx4AaABAg,Ugzf4-SRziTdsuqAjPx4AaABAg.9j5362wCOrh9j57A02iMCu,Ganjar tetap unggul üíô,Positif
0Yw9y1GPGBU,UgwMP5-aYcHHJ7Ibui94AaABAg,UgwMP5-aYcHHJ7Ibui94AaABAg.9j53-ULiqPz9j57MGGxFKe,Ganjar tetap unggul üíô,Positif
0Yw9y1GPGBU,Ugz1VMFOI_--jUdS0294AaABAg,Ugz1VMFOI_--jUdS0294AaABAg.9j52rweBvp69j57ZsfkG1g,Ganjar tetap unggul üíô,Positif
0Yw9y1GPGBU,UgxKr5ITcJ2KWIrrK2p4AaABAg,UgxKr5ITcJ2KWIrrK2p4AaABAg.9j51weVSfRM9j57ES-Kdhh,Ganjar tetap unggul üíô,Positif
0Yw9y1GPGBU,UgyhAqXqpT_IVcB1olB4AaABAg,UgyhAqXqpT_IVcB1olB4AaABAg.9j51irdDpWM9j74ct6niVi,üíô Survey membuktikan üíô,Positif
0Yw9y1GPGBU,UgyhAqXqpT_IVcB1olB4AaABAg,UgyhAqXqpT_IVcB1olB4AaABAg.9j51irdDpWM9j6hJxA6zX2,@Marlboro top nya di apanya yah? Prestasi biasa2 aja,Negatif
0Yw9y1GPGBU,UgyhAqXqpT_IVcB1olB4AaABAg,UgyhAqXqpT_IVcB1olB4AaABAg.9j51irdDpWM9j6RkLlBR8Z,Ganjar Pranowo still in the TOP ‚òù,Positif
0Yw9y1GPGBU,UgyhAqXqpT_IVcB1olB4AaABAg,UgyhAqXqpT_IVcB1olB4AaABAg.9j51irdDpWM9j5mg28X-h_,@More Miracle surveinya siapa dulu dong..pokoknya lembaga survei yg partisan gak mungkin obyektif apa lagi dibayar,Negatif
0Yw9y1GPGBU,UgyhAqXqpT_IVcB1olB4AaABAg,UgyhAqXqpT_IVcB1olB4AaABAg.9j51irdDpWM9j5mT7wdWL9,@More Miracle ya silahkan unggul disurvei,Negatif
0Yw9y1GPGBU,,UgzaqC0UgcS6B_x8wDN4AaABAg,"Ini baru tv netral ,tak seperti yg Ono noh sonoh , tp y maaf dulu jg tv one  lebih parah dari tv yg sekarang Ono noh berita nya sekarang karang ini JD gini .maaf sy ngomong gini karna fakta ,padahal demi kebenaran bersipat lah netral ,ap ini kan hanya sebatas surpay ,org kampanye blom dll .ini dah pada ribut .insa Allah yg rambut putih asli menang pilpres 2024 ,bukan rambut putih semiran yaaaaaa. Mantap mas Toto lanjut gaspol ,bicarakan ap adanya demi kebenaran .ingat ini karna urusanya dgn rakyatnya NKRI. Dan jujur urusan nya dgn Allah SWT.",Positif
0Yw9y1GPGBU,UgxGffwwCcfQQQVu8Fx4AaABAg,UgxGffwwCcfQQQVu8Fx4AaABAg.9j5063t7xAQ9j5E5k8hRGy,PRABOWO PUAN PALING OK,Positif
0Yw9y1GPGBU,UgyGSzByXGeJIBZN9RR4AaABAg,UgyGSzByXGeJIBZN9RR4AaABAg.9j5-UH5LNOi9j5-cx6KZY_,"cukup sampai gubernur Jakarta saja, jgn Indonesia",Negatif
0Yw9y1GPGBU,UgxNRBIbTg8L4t53WNl4AaABAg,UgxNRBIbTg8L4t53WNl4AaABAg.9j5-IVer5ed9j5-dZVm1Be,"cukup sampai gubernur Jakarta saja, jgn Indonesia",Negatif
0Yw9y1GPGBU,Ugw3HXm0f1xOA4-3_z94AaABAg,Ugw3HXm0f1xOA4-3_z94AaABAg.9j4zgVpaFR99j5-dxioaP7,"cukup sampai gubernur Jakarta saja, jgn Indonesia",Negatif
0Yw9y1GPGBU,Ugy_M-XxwuVr_B42xb94AaABAg,Ugy_M-XxwuVr_B42xb94AaABAg.9j4zYJilS_F9j50B-sin9s,Ganjar Pranowo still in the TOP ‚òù,Positif
0Yw9y1GPGBU,UgzZIbuxuJu_ag1SNxh4AaABAg,UgzZIbuxuJu_ag1SNxh4AaABAg.9j4yElRSDIZ9j5-f7fAWZi,"cukup sampai gubernur Jakarta saja, jgn Indonesia",Negatif
0Yw9y1GPGBU,UgyRwhJGN71oCrMlvl94AaABAg,UgyRwhJGN71oCrMlvl94AaABAg.9j4wvDcWN7k9j5-foJtNQb,"cukup sampai gubernur Jakarta saja, jgn Indonesia",Negatif
0Yw9y1GPGBU,Ugx5UF-SpK4jmP0wPmR4AaABAg,Ugx5UF-SpK4jmP0wPmR4AaABAg.9j4vr-VaKV09j5-g_1Xm06,"cukup sampai gubernur Jakarta saja, jgn Indonesia",Negatif
0Yw9y1GPGBU,UgwhCLJmjdsMVumye4x4AaABAg,UgwhCLJmjdsMVumye4x4AaABAg.9j4ujHUGYlu9j6JOGLTiCr,*anis presiden yaman ?¬£,Negatif
0Yw9y1GPGBU,UgwhCLJmjdsMVumye4x4AaABAg,UgwhCLJmjdsMVumye4x4AaABAg.9j4ujHUGYlu9j5-h4VLAJL,"cukup sampai gubernur Jakarta saja, jgn Indonesia",Negatif
0Yw9y1GPGBU,,UgzfP87eWSE_D1nYwpJ4AaABAg,Tv one bikin survey lbih joss,Negatif
0Yw9y1GPGBU,Ugy2yzPeFH_0QI3vXQJ4AaABAg,Ugy2yzPeFH_0QI3vXQJ4AaABAg.9j4ruzMmon19j75ofoEPj1,üíô Survey sudah membuktikan Ganjar Unggul üíô,Positif
0Yw9y1GPGBU,Ugy2yzPeFH_0QI3vXQJ4AaABAg,Ugy2yzPeFH_0QI3vXQJ4AaABAg.9j4ruzMmon19j6uNHODAzg,org pada tahu survey abal2 demi uang  abs. tp ada juga netral .dia tidak memihak kpd calon lain.broo,Negatif
0Yw9y1GPGBU,Ugy2yzPeFH_0QI3vXQJ4AaABAg,Ugy2yzPeFH_0QI3vXQJ4AaABAg.9j4ruzMmon19j4ssS4T6uo,"Ganjar untuk Indonesia<br>RI 1 pastinya",Positif
0Yw9y1GPGBU,UgzW9dLaI_P_-W_1eO94AaABAg,UgzW9dLaI_P_-W_1eO94AaABAg.9j4rbNaX0Dy9j6SBnyDIM4,Ganjar Pranowo TERATAS ‚òù,Positif
0Yw9y1GPGBU,UgzW9dLaI_P_-W_1eO94AaABAg,UgzW9dLaI_P_-W_1eO94AaABAg.9j4rbNaX0Dy9j5HknsVMzp,Semoga Anies lanjut mengabdi pada Indonesia for president 2024,Positif
0Yw9y1GPGBU,UgwCoH-IwNXusgwXp2x4AaABAg,UgwCoH-IwNXusgwXp2x4AaABAg.9j4qTS1FKR_9j74ky2oBMl,üíô Survey sudah membuktikan Ganjar Unggul üíô,Positif
0Yw9y1GPGBU,UgwCoH-IwNXusgwXp2x4AaABAg,UgwCoH-IwNXusgwXp2x4AaABAg.9j4qTS1FKR_9j6nrg8oDHn,@Marlboro iya versi carta ü§£,Negatif
0Yw9y1GPGBU,UgwCoH-IwNXusgwXp2x4AaABAg,UgwCoH-IwNXusgwXp2x4AaABAg.9j4qTS1FKR_9j6S2TpB673,Ganjar Pranowo TERATAS ‚òù,Positif
0Yw9y1GPGBU,UgwCoH-IwNXusgwXp2x4AaABAg,UgwCoH-IwNXusgwXp2x4AaABAg.9j4qTS1FKR_9j5MWmtSALw,Setuju üëçüèæ,Positif
0Yw9y1GPGBU,UgwCoH-IwNXusgwXp2x4AaABAg,UgwCoH-IwNXusgwXp2x4AaABAg.9j4qTS1FKR_9j5K4gcYYRk,"@Nur Hadi iya ngk ada yg larang dia milih siapa sebagai warga negara Bebas, yg dipermasalahkan itu bukan dia tapi lembaga surveynya Profesional ngk ü§£ü§£ü§£",Negatif
0Yw9y1GPGBU,Ugw41ZkZhwwUHcHDToR4AaABAg,Ugw41ZkZhwwUHcHDToR4AaABAg.9j4pvLERa2b9j4rg9x9Kqp,"cukup sampai gubernur Jakarta saja, jgn presiden Indonesia",Negatif
0Yw9y1GPGBU,UgxAXZOcfLs-bZUEUZB4AaABAg,UgxAXZOcfLs-bZUEUZB4AaABAg.9j4oQgcmkRU9j55jgKYZ7S,"cukup sampai gubernur Jakarta saja, jgn Indonesia",Negatif
0Yw9y1GPGBU,UgxAXZOcfLs-bZUEUZB4AaABAg,UgxAXZOcfLs-bZUEUZB4AaABAg.9j4oQgcmkRU9j52gqaJGUl,@More Miraclesby youtuber.. tiktoker..atau..koleksi film bok**pnya...iya sich.!!,Negatif
0Yw9y1GPGBU,UgxAXZOcfLs-bZUEUZB4AaABAg,UgxAXZOcfLs-bZUEUZB4AaABAg.9j4oQgcmkRU9j4oqJNCtxs,Ganjar tetap unggul üíô,Positif
0Yw9y1GPGBU,UgzPNqW8ZUkwDug3DHd4AaABAg,UgzPNqW8ZUkwDug3DHd4AaABAg.9j4n4ZEui0n9j4oqwTQ4gM,Ganjar tetap unggul üíô,Positif
0Yw9y1GPGBU,UgytSPvzrhGnD7ViZKx4AaABAg,UgytSPvzrhGnD7ViZKx4AaABAg.9j4mx8uVYII9j6Shomqx7E,Ganjar Pranowo TERATAS ‚òù,Positif
0Yw9y1GPGBU,UgytSPvzrhGnD7ViZKx4AaABAg,UgytSPvzrhGnD7ViZKx4AaABAg.9j4mx8uVYII9j5JauvvXgL,@More Miracle hahaha ternyata banyak pasukan buzzerRp di YT peliharaan bantengü§£,Negatif
0Yw9y1GPGBU,UgytSPvzrhGnD7ViZKx4AaABAg,UgytSPvzrhGnD7ViZKx4AaABAg.9j4mx8uVYII9j4od4kCsvx,Ganjar tetap unggul üíô,Positif
0Yw9y1GPGBU,UgytSPvzrhGnD7ViZKx4AaABAg,UgytSPvzrhGnD7ViZKx4AaABAg.9j4mx8uVYII9j4n_IwaLwV,@‚Äè‚Äè‚Äé ‚Äé pelawak merah berubanü§£ü§£ü§£ prestasi kaga ada bisa bisanya urutan pertamaü§£,Negatif
0Yw9y1GPGBU,UgytSPvzrhGnD7ViZKx4AaABAg,UgytSPvzrhGnD7ViZKx4AaABAg.9j4mx8uVYII9j4n0Fhk1uK,"üìà <b>Survei Elektabilitas Pilpres 2024, Ganjar Urutan Pertama</b> ‚úÖ",Positif
0Yw9y1GPGBU,,UgxcWjGUzsLT7KGVg2J4AaABAg,"üìà <b>Survei Elektabilitas Pilpres 2024, Ganjar Urutan Pertama</b> ‚úÖ",Positif
0Yw9y1GPGBU,Ugziisirn7o91IQ1vLV4AaABAg,Ugziisirn7o91IQ1vLV4AaABAg.9j4molmIOZ69j4rjt-2S-d,"cukup sampai gubernur Jakarta saja, jgn presiden Indonesia",Negatif
0Yw9y1GPGBU,Ugziisirn7o91IQ1vLV4AaABAg,Ugziisirn7o91IQ1vLV4AaABAg.9j4molmIOZ69j4rKKrQF3U,@‚Äè‚Äè‚Äé ‚Äé padahal gak ngapa2in.....<br>Hasil survey tergantung yg bayar.,Positif
0Yw9y1GPGBU,Ugziisirn7o91IQ1vLV4AaABAg,Ugziisirn7o91IQ1vLV4AaABAg.9j4molmIOZ69j4n19vADHU,"üìà <b>Survei Elektabilitas Pilpres 2024, Ganjar Urutan Pertama</b> ‚úÖ",Positif
0Yw9y1GPGBU,Ugzppov7i2tHLinI4ap4AaABAg,Ugzppov7i2tHLinI4ap4AaABAg.9j4mYnADZgv9j74sQsSDz_,üíô Survey sudah membuktikan Ganjar Unggul üíô,Positif
0Yw9y1GPGBU,Ugzppov7i2tHLinI4ap4AaABAg,Ugzppov7i2tHLinI4ap4AaABAg.9j4mYnADZgv9j6YDwvoz2q,ayo adu gagasan ga berani payah,Negatif
0Yw9y1GPGBU,Ugzppov7i2tHLinI4ap4AaABAg,Ugzppov7i2tHLinI4ap4AaABAg.9j4mYnADZgv9j6Y3LCaDOo,surpai abal2,Negatif
0Yw9y1GPGBU,Ugzppov7i2tHLinI4ap4AaABAg,Ugzppov7i2tHLinI4ap4AaABAg.9j4mYnADZgv9j6S3puM6Rp,Ganjar Pranowo TERATAS ‚òù,Positif
0Yw9y1GPGBU,Ugzppov7i2tHLinI4ap4AaABAg,Ugzppov7i2tHLinI4ap4AaABAg.9j4mYnADZgv9j5KcSSf-Sw,ayo adu gagasan sm pak anis mau adu kecerdsan mau adu wawasan mau adu ketmpanan jg blh pasti rakyat yg cerdas anis kabeh pkoe,Positif
0Yw9y1GPGBU,UgxMtvruIPaO2xvsGdV4AaABAg,UgxMtvruIPaO2xvsGdV4AaABAg.9j4mY5Eioyz9j4n2G7W5Pf,"üìà <b>Survei Elektabilitas Pilpres 2024, Ganjar Urutan Pertama</b> ‚úÖ",Positif
0Yw9y1GPGBU,UgyFVvpneFDhGTyOj5V4AaABAg,UgyFVvpneFDhGTyOj5V4AaABAg.9j4mD04TceK9j4n4w4LQ-t,"üìà <b>Survei Elektabilitas Pilpres 2024, Ganjar Urutan Pertama</b> ‚úÖ",Positif
0Yw9y1GPGBU,UgwsI7qzFoIB5sy19X94AaABAg,UgwsI7qzFoIB5sy19X94AaABAg.9j4lxnUs0m99j4n5Ve1PuD,"üìà <b>Survei Elektabilitas Pilpres 2024, Ganjar Urutan Pertama</b> ‚úÖ",Positif
0Yw9y1GPGBU,Ugw-t4zLo9gee-nIGxh4AaABAg,Ugw-t4zLo9gee-nIGxh4AaABAg.9j4lV8v1UV59j4n61Yy5qx,"üìà <b>Survei Elektabilitas Pilpres 2024, Ganjar Urutan Pertama</b> ‚úÖ",Positif
0Yw9y1GPGBU,,UgxFON7gvtmnE6gXxsp4AaABAg,Lebih percaya survey ILC,Negatif
0Yw9y1GPGBU,,UgwT_QcRNVj4SUisAX94AaABAg,Lembaga survei itu biayanya dari mana ya?,Negatif
0Yw9y1GPGBU,Ugx3Ecr0tws7MUjsgA94AaABAg,Ugx3Ecr0tws7MUjsgA94AaABAg.9j4jhvHb-wi9j4n75OvAIk,"üìà <b>Survei Elektabilitas Pilpres 2024, Ganjar Urutan Pertama</b> ‚úÖ",Positif
0Yw9y1GPGBU,,UgwbsBQXbhZZNhxYJIp4AaABAg,Totok ini ingin menipu ibu Megawati dan PDIP,Negatif
0Yw9y1GPGBU,UgyAHNQVV8Dk-Kbjg5R4AaABAg,UgyAHNQVV8Dk-Kbjg5R4AaABAg.9j4iV2ri7cA9j4n8MGMf3q,"üìà <b>Survei Elektabilitas Pilpres 2024, Ganjar Urutan Pertama</b> ‚úÖ",Positif
0Yw9y1GPGBU,,UgypvFZboF05DOqtTN94AaABAg,"Anis baswe  jgn harap jdi presiden<br>Jadi gubenur Jakarta saja ngk pecus <br>Ngaca bos ngaca  ,<br>Jadi gubenur Jakarta mkn gaji buta<br><br>Pilihlah calon presiden yg merakyat <br>Yg bisa meneruskan kerjanya pak Joko Widodo , bukan pilih presiden yg cuma memikirkan kekayaan sendiri ,rakyat di abaikan<br>Rakyat di anak tirikan .<br>PILIHLAH CALON PRESIDEN YG MERAKYAT  TIDAK SOMBONG <br>RENDAH DIRI DAN SOPAN SANTUN",Negatif
0Yw9y1GPGBU,,Ugwk6fJ19e9KPnjofDh4AaABAg,Ganjar Pranowo yes Anis Baswedan No üôè,Positif
0Yw9y1GPGBU,UgwtWB2c0IU79-7ihVd4AaABAg,UgwtWB2c0IU79-7ihVd4AaABAg.9j4hpqLEsfW9j74icl0W-n,üíô Survey sudah membuktikan Ganjar Unggul üíô,Positif
0Yw9y1GPGBU,UgwtWB2c0IU79-7ihVd4AaABAg,UgwtWB2c0IU79-7ihVd4AaABAg.9j4hpqLEsfW9j6_4-k8sVU,"LSI , SMRC, POLTRACKING , CHARTA POLITIKA SURVEI YG AKURAT 99 PERSEN..",Positif
0Yw9y1GPGBU,UgwtWB2c0IU79-7ihVd4AaABAg,UgwtWB2c0IU79-7ihVd4AaABAg.9j4hpqLEsfW9j6YQP-RAvc,Cebongkerr penipu hasil,Negatif
0Yw9y1GPGBU,UgwtWB2c0IU79-7ihVd4AaABAg,UgwtWB2c0IU79-7ihVd4AaABAg.9j4hpqLEsfW9j5fo26fLpo,"Jika inul yang jadi lawan anies, suryey ini pasti memenangkan inul",Negatif
0Yw9y1GPGBU,UgwtWB2c0IU79-7ihVd4AaABAg,UgwtWB2c0IU79-7ihVd4AaABAg.9j4hpqLEsfW9j5K-joLTxg,Kekekekkkkk   dulu di Pilkada DKI meleset jauh!!!,Negatif
0Yw9y1GPGBU,UgwtsUXqd2rV4XP5SmJ4AaABAg,UgwtsUXqd2rV4XP5SmJ4AaABAg.9j4h-4KDODK9j4nAL7b_qI,"üìà <b>Survei Elektabilitas Pilpres 2024, Ganjar Urutan Pertama</b> ‚úÖ",Positif
0Yw9y1GPGBU,UgzTo_FbKoyCXmErJQ54AaABAg,UgzTo_FbKoyCXmErJQ54AaABAg.9j4gkbETyWd9j4rnZKuX1u,"cukup sampai gubernur Jakarta saja, jgn presiden Indonesia",Negatif
0Yw9y1GPGBU,UgzTo_FbKoyCXmErJQ54AaABAg,UgzTo_FbKoyCXmErJQ54AaABAg.9j4gkbETyWd9j4q2a7lSB8,"Mereka pesanan, begitu kata pak Mahfud MD",Negatif
0Yw9y1GPGBU,UgzTo_FbKoyCXmErJQ54AaABAg,UgzTo_FbKoyCXmErJQ54AaABAg.9j4gkbETyWd9j4oo3rCE1n,Setuju. Harus ada audit,Negatif
0Yw9y1GPGBU,UgwMH0koaoZCoyMdjI94AaABAg,UgwMH0koaoZCoyMdjI94AaABAg.9j4ge8MxBpX9j4nBIQLvz2,"üìà <b>Survei Elektabilitas Pilpres 2024, Ganjar Urutan Pertama</b> ‚úÖ",Positif
0Yw9y1GPGBU,UgzMXqWu-5LG4PBK41h4AaABAg,UgzMXqWu-5LG4PBK41h4AaABAg.9j4gdc-fY4J9j4rWMrrSXW,"cukup sampai gubernur Jakarta saja, jgn Indonesia",Negatif
0Yw9y1GPGBU,UgzMXqWu-5LG4PBK41h4AaABAg,UgzMXqWu-5LG4PBK41h4AaABAg.9j4gdc-fY4J9j4qmw68BUC,@Abdul Muid kyk esemka jg üòÇ,Negatif
0Yw9y1GPGBU,UgzMXqWu-5LG4PBK41h4AaABAg,UgzMXqWu-5LG4PBK41h4AaABAg.9j4gdc-fY4J9j4qhtl0Aqd,@More Miracle unggul di lembaga survey dan tiktok,Negatif
0Yw9y1GPGBU,UgzMXqWu-5LG4PBK41h4AaABAg,UgzMXqWu-5LG4PBK41h4AaABAg.9j4gdc-fY4J9j4oa5V0RaG,Ganjar tetap unggul üíô,Positif
0Yw9y1GPGBU,UgzMXqWu-5LG4PBK41h4AaABAg,UgzMXqWu-5LG4PBK41h4AaABAg.9j4gdc-fY4J9j4mdkt4NUp,Ghoib .....,Negatif
0Yw9y1GPGBU,Ugwdo24DZyQmmStgeLp4AaABAg,Ugwdo24DZyQmmStgeLp4AaABAg.9j4g705393o9j4nC-csF2A,"üìà <b>Survei Elektabilitas Pilpres 2024, Ganjar Urutan Pertama</b> ‚úÖ",Positif
0Yw9y1GPGBU,UgwnPUGgJaj3DAJVYNd4AaABAg,UgwnPUGgJaj3DAJVYNd4AaABAg.9j4g41dZ9WR9j4nCjrhNmz,"üìà <b>Survei Elektabilitas Pilpres 2024, Ganjar Urutan Pertama</b> ‚úÖ",Positif
0Yw9y1GPGBU,UgwMXuupIAoT0BBmvkN4AaABAg,UgwMXuupIAoT0BBmvkN4AaABAg.9j4g-nyu2589j4nDTOC_pl,"üìà <b>Survei Elektabilitas Pilpres 2024, Ganjar Urutan Pertama</b> ‚úÖ",Positif
0Yw9y1GPGBU,UgxlGLbvl9dNzCYtIEp4AaABAg,UgxlGLbvl9dNzCYtIEp4AaABAg.9j4fo2Ycu7z9j4nE8PVm2B,"üìà <b>Survei Elektabilitas Pilpres 2024, Ganjar Urutan Pertama</b> ‚úÖ",Positif
0Yw9y1GPGBU,UgzWQBQdASkHIsD5au94AaABAg,UgzWQBQdASkHIsD5au94AaABAg.9j4fnW1CYpU9j509043FSB,Ganjar Pranowo still in the TOP ‚òù,Positif
0Yw9y1GPGBU,UgzWQBQdASkHIsD5au94AaABAg,UgzWQBQdASkHIsD5au94AaABAg.9j4fnW1CYpU9j4l1ahqNbt,Lembaga survei itu pakai biayaya nggak ya?,Negatif
0Yw9y1GPGBU,Ugzyq9dYIjGKTrVSWLd4AaABAg,Ugzyq9dYIjGKTrVSWLd4AaABAg.9j4fdh_E-R29j6J2uY9Btv,<b>yg datang di kasi uang siapa yg nolak ?</b>,Negatif
0Yw9y1GPGBU,Ugzyq9dYIjGKTrVSWLd4AaABAg,Ugzyq9dYIjGKTrVSWLd4AaABAg.9j4fdh_E-R29j4nFeNXUdq,"üìà <b>Survei Elektabilitas Pilpres 2024, Ganjar Urutan Pertama</b> ‚úÖ",Positif
0Yw9y1GPGBU,UgwZIafZ4Rrr9L8kmEJ4AaABAg,UgwZIafZ4Rrr9L8kmEJ4AaABAg.9j4f_kVN5QP9j4pY2biyMd,Ganjar untuk Indonesia,Positif
0Yw9y1GPGBU,UgwZIafZ4Rrr9L8kmEJ4AaABAg,UgwZIafZ4Rrr9L8kmEJ4AaABAg.9j4f_kVN5QP9j4nGKBb09_,"üìà <b>Survei Elektabilitas Pilpres 2024, Ganjar Urutan Pertama</b> ‚úÖ",Positif
0Yw9y1GPGBU,UgwZIafZ4Rrr9L8kmEJ4AaABAg,UgwZIafZ4Rrr9L8kmEJ4AaABAg.9j4f_kVN5QP9j4mt87y6JM,Cerdas.....,Positif
0Yw9y1GPGBU,,UgzuQM1LnMFfGY0r7GF4AaABAg,Politik pencitraan NO,Negatif
0Yw9y1GPGBU,UgxxIRaChX9wYWOigwN4AaABAg,UgxxIRaChX9wYWOigwN4AaABAg.9j4fI4SRhFd9j5Ff6pZ0Mw,@Jakarta2000 apakahüáÆüá©hrs presiden penyuka bokEpü§Æü§Æ,Negatif
0Yw9y1GPGBU,UgxxIRaChX9wYWOigwN4AaABAg,UgxxIRaChX9wYWOigwN4AaABAg.9j4fI4SRhFd9j4rpkTFe7s,"cukup sampai gubernur Jakarta saja, jgn presiden Indonesia",Negatif
0Yw9y1GPGBU,Ugz3xVFWduHNAB1tvcp4AaABAg,Ugz3xVFWduHNAB1tvcp4AaABAg.9j4fH8kMMYj9j4nHmxw67A,"üìà <b>Survei Elektabilitas Pilpres 2024, Ganjar Urutan Pertama</b> ‚úÖ",Positif
0Yw9y1GPGBU,,UgzeoiZyZqdJ3GVP0Kl4AaABAg,Survey tergantung yang p‚Ä¶.,Negatif
0Yw9y1GPGBU,UgzNaluloNBMOWsJPop4AaABAg,UgzNaluloNBMOWsJPop4AaABAg.9j4exKaSq0c9j4nIf9DdXm,"üìà <b>Survei Elektabilitas Pilpres 2024, Ganjar Urutan Pertama</b> ‚úÖ",Positif
0Yw9y1GPGBU,Ugzg2EEimI3wvaZXiNV4AaABAg,Ugzg2EEimI3wvaZXiNV4AaABAg.9j4ewMI0J6R9j5WzSyV_NE,Itu baru survey,Positif
0Yw9y1GPGBU,UgyKVKpk0di0l1EkwnZ4AaABAg,UgyKVKpk0di0l1EkwnZ4AaABAg.9j4ewFo-1Sx9j4nJmUNCMc,"üìà <b>Survei Elektabilitas Pilpres 2024, Ganjar Urutan Pertama</b> ‚úÖ",Positif
0Yw9y1GPGBU,Ugw1hb-gtN0EuB-518J4AaABAg,Ugw1hb-gtN0EuB-518J4AaABAg.9j4eso7UEho9j4sqAW6mqL,Ganjar untuk Indonesia<br>RI 1 pastinya,Positif
0Yw9y1GPGBU,Ugw1hb-gtN0EuB-518J4AaABAg,Ugw1hb-gtN0EuB-518J4AaABAg.9j4eso7UEho9j4sNaBJr0W,@Jakarta2000 iya cukup jadi gubernur jateng aja... Jateng aja masih gitu masa mau bikin rusak 1 negara üòÇ,Negatif
0Yw9y1GPGBU,Ugw1hb-gtN0EuB-518J4AaABAg,Ugw1hb-gtN0EuB-518J4AaABAg.9j4eso7UEho9j4rrorxxIa,"cukup sampai gubernur Jakarta saja, jgn presiden Indonesia",Negatif
0Yw9y1GPGBU,Ugw1hb-gtN0EuB-518J4AaABAg,Ugw1hb-gtN0EuB-518J4AaABAg.9j4eso7UEho9j4nKIyqWhS,"üìà <b>Survei Elektabilitas Pilpres 2024, Ganjar Urutan Pertama</b> ‚úÖ",Positif
0Yw9y1GPGBU,UgzdhwtxMT8cfaQXZOh4AaABAg,UgzdhwtxMT8cfaQXZOh4AaABAg.9j4epM70CdX9j6_LGJUCdf,Kadrun Kejang kejang,Negatif
0Yw9y1GPGBU,UgzdhwtxMT8cfaQXZOh4AaABAg,UgzdhwtxMT8cfaQXZOh4AaABAg.9j4epM70CdX9j57Ce4nM5E,Ganjar tetap unggul üíô,Positif
0Yw9y1GPGBU,UgzdhwtxMT8cfaQXZOh4AaABAg,UgzdhwtxMT8cfaQXZOh4AaABAg.9j4epM70CdX9j53egvJ1Z8,"Kadrun tdk akan kelojotan dgn survey cebong pesanan,yg survey cebong ,yg di survey cebong ü§£ü§£ü§£ü§£ü§£tentu tetep Ganjar Pranowo yg tinggi elektabilitas nya walaupun tidak ada prestasi",Negatif
0Yw9y1GPGBU,UgzdhwtxMT8cfaQXZOh4AaABAg,UgzdhwtxMT8cfaQXZOh4AaABAg.9j4epM70CdX9j4nL4Z0xV5,"üìà <b>Survei Elektabilitas Pilpres 2024, Ganjar Urutan Pertama</b> ‚úÖ",Positif
0Yw9y1GPGBU,UgzdhwtxMT8cfaQXZOh4AaABAg,UgzdhwtxMT8cfaQXZOh4AaABAg.9j4epM70CdX9j4kdovtOiB,Cebong ketawa.padahal gak mikir survei itu biayanya dari mana?,Negatif
0Yw9y1GPGBU,UgzIB7v919neaQ7SIRB4AaABAg,UgzIB7v919neaQ7SIRB4AaABAg.9j4enmQz40t9j57H9GwG7N,Ganjar tetap unggul üíô,Positif
0Yw9y1GPGBU,UgzIB7v919neaQ7SIRB4AaABAg,UgzIB7v919neaQ7SIRB4AaABAg.9j4enmQz40t9j5-oUyH1sl,"cukup sampai gubernur Jakarta saja, jgn Indonesia",Negatif
0Yw9y1GPGBU,UgzIB7v919neaQ7SIRB4AaABAg,UgzIB7v919neaQ7SIRB4AaABAg.9j4enmQz40t9j4vLZCZImy,@Dedi Aprianto survei ga jelas....udah kelihatan pendukung dan pecinta anis membludak,Negatif
0Yw9y1GPGBU,UgzIB7v919neaQ7SIRB4AaABAg,UgzIB7v919neaQ7SIRB4AaABAg.9j4enmQz40t9j4nLx3Ny46,"üìà <b>Survei Elektabilitas Pilpres 2024, Ganjar Urutan Pertama</b> ‚úÖ",Positif
0Yw9y1GPGBU,UgzIB7v919neaQ7SIRB4AaABAg,UgzIB7v919neaQ7SIRB4AaABAg.9j4enmQz40t9j4lJY5QPc1,"mana bisa dia mau pertanggung jawabkan omongannya si Yunarto, dia bukan muslim broo!",Negatif
0Yw9y1GPGBU,UgxSRWTr-_0j_V05Xjh4AaABAg,UgxSRWTr-_0j_V05Xjh4AaABAg.9j4en-_hytc9j4nNCLGNx6,"üìà <b>Survei Elektabilitas Pilpres 2024, Ganjar Urutan Pertama</b> ‚úÖ",Positif
0Yw9y1GPGBU,,UgxVDQaoIXsN5HG88pB4AaABAg,ganjar dengan Prabowo ok<br>prabowo dengan ganjar ok<br>sangat memenuhi syarat tuh...!!.,Positif
0Yw9y1GPGBU,UgyShO2ypZZFRNLjhZ94AaABAg,UgyShO2ypZZFRNLjhZ94AaABAg.9j4ef-jNQ_n9j4nSAFS85h,"üìà <b>Survei Elektabilitas Pilpres 2024, Ganjar Urutan Pertama</b> ‚òë",Positif
0Yw9y1GPGBU,UgxNBPUCroKpXD1E42d4AaABAg,UgxNBPUCroKpXD1E42d4AaABAg.9j4eWZ9Xhhg9j6SjTbJ56T,Ganjar Pranowo TERATAS ‚òù,Positif
0Yw9y1GPGBU,UgxNBPUCroKpXD1E42d4AaABAg,UgxNBPUCroKpXD1E42d4AaABAg.9j4eWZ9Xhhg9j5fSl8yd0Z,@‚Äè‚Äè‚Äé ‚Äé coba survey di daerah Wadas...,Negatif
0Yw9y1GPGBU,UgxNBPUCroKpXD1E42d4AaABAg,UgxNBPUCroKpXD1E42d4AaABAg.9j4eWZ9Xhhg9j4nTDvomWC,"üìà <b>Survei Elektabilitas Pilpres 2024, Ganjar Urutan Pertama</b> ‚òë",Positif
0Yw9y1GPGBU,Ugz2d3307Bxhj_rojDl4AaABAg,Ugz2d3307Bxhj_rojDl4AaABAg.9j4e0nTPj8U9j6RrNkGc4j,Ganjar Pranowo still in the TOP ‚òù,Positif
0Yw9y1GPGBU,Ugz2d3307Bxhj_rojDl4AaABAg,Ugz2d3307Bxhj_rojDl4AaABAg.9j4e0nTPj8U9j5K8BkEEhc,@Jakarta2000 bkn nya ahok yg bgitu,Negatif
0Yw9y1GPGBU,Ugz2d3307Bxhj_rojDl4AaABAg,Ugz2d3307Bxhj_rojDl4AaABAg.9j4e0nTPj8U9j55o0EPRxZ,Jangan lagi terjadi agama dijadikan alat politik,Negatif
0Yw9y1GPGBU,Ugz2d3307Bxhj_rojDl4AaABAg,Ugz2d3307Bxhj_rojDl4AaABAg.9j4e0nTPj8U9j51gKJTcOf,@Jakarta2000 si ngahox kah? Udh ga laku si ngahox,Negatif
0Yw9y1GPGBU,Ugz2d3307Bxhj_rojDl4AaABAg,Ugz2d3307Bxhj_rojDl4AaABAg.9j4e0nTPj8U9j5-qXxjOmz,"cukup sampai gubernur Jakarta saja, jgn Indonesia",Negatif
0Yw9y1GPGBU,UgxoBqy_4iGNMrmcwEN4AaABAg,UgxoBqy_4iGNMrmcwEN4AaABAg.9j4dul_B5He9j4nVPmi6UO,"üìà <b>Survei Elektabilitas Pilpres 2024, Ganjar Urutan Pertama</b> ‚òë",Positif
0Yw9y1GPGBU,UgzQjMAonX6ppvb351B4AaABAg,UgzQjMAonX6ppvb351B4AaABAg.9j4dlIRbCh49j4ogBfqmPz,Ganjar tetap unggul üíô,Positif
0Yw9y1GPGBU,UgzufCMtyhmQNBqJRNl4AaABAg,UgzufCMtyhmQNBqJRNl4AaABAg.9j4depRqFWZ9j4nWutXtsY,"üìà <b>Survei Elektabilitas Pilpres 2024, Ganjar Urutan Pertama</b> ‚òë",Positif
0Yw9y1GPGBU,UgxwxNaCLFyilAU3GbR4AaABAg,UgxwxNaCLFyilAU3GbR4AaABAg.9j4dal8bhV39j4escecz31,BUZZER TERiAK BUZZER HADEUH.<br>DAH NGK ANEH KALAU PENDUKUNG C ABUD,Negatif
0Yw9y1GPGBU,UgzsPFsXHQyd6-Jw_PJ4AaABAg,UgzsPFsXHQyd6-Jw_PJ4AaABAg.9j4d_GnANQS9j4nYhLDhCs,"üìà <b>Survei Elektabilitas Pilpres 2024, Ganjar Urutan Pertama</b> ‚òë",Positif
0Yw9y1GPGBU,UgzNNcRvkemBS2EnjI54AaABAg,UgzNNcRvkemBS2EnjI54AaABAg.9j4dO0lRscx9j4oHFJamEB,Ganjar tetap unggul üíô,Positif
0Yw9y1GPGBU,UgzNNcRvkemBS2EnjI54AaABAg,UgzNNcRvkemBS2EnjI54AaABAg.9j4dO0lRscx9j4o7Ia0wui,"@‚Äè‚Äè‚Äé ‚Äé suka nonton film apa ya ?, Yg menilai, psti sama suka nonton film itu tuh ü§≠",Negatif
0Yw9y1GPGBU,Ugw7n9TwkLsfJpyhVBV4AaABAg,Ugw7n9TwkLsfJpyhVBV4AaABAg.9j4dBT0-61_9j4pSuPQVBF,Ganjar untuk Indonesia,Positif
0Yw9y1GPGBU,Ugw7n9TwkLsfJpyhVBV4AaABAg,Ugw7n9TwkLsfJpyhVBV4AaABAg.9j4dBT0-61_9j4ilK5e8-c,Betullll,Positif
0Yw9y1GPGBU,Ugw7n9TwkLsfJpyhVBV4AaABAg,Ugw7n9TwkLsfJpyhVBV4AaABAg.9j4dBT0-61_9j4gpvaWBCt,Moga aja rakyat tdk bodoh lg agar terpilih nya pemimpin yg cerdas bukan pemimpin yg planga plongo,Negatif
0Yw9y1GPGBU,Ugw7n9TwkLsfJpyhVBV4AaABAg,Ugw7n9TwkLsfJpyhVBV4AaABAg.9j4dBT0-61_9j4e-cZsQ7o,kayanya anda termasuk salah satu rakyat yg bodoh itu deh yang suka bikin fitnah..haha,Negatif
0Yw9y1GPGBU,UgxFQ_kJcy4oZYkfQvZ4AaABAg,UgxFQ_kJcy4oZYkfQvZ4AaABAg.9j4d5YZgAlv9j4ruWFP_k-,"cukup sampai gubernur Jakarta saja, jgn presiden Indonesia",Negatif
0Yw9y1GPGBU,UgxFQ_kJcy4oZYkfQvZ4AaABAg,UgxFQ_kJcy4oZYkfQvZ4AaABAg.9j4d5YZgAlv9j4pd9UrPJJ,@‚Äè‚Äè‚Äé ‚Äé itu omong kosong kami tidak percaya apa prestasi ganjar buktinya ganjar selama jadi gubernur jateng provinsi termiskin dan ganjar cuma rajin main tiktokan dan ketahuan nonton bokep.,Negatif
0Yw9y1GPGBU,UgxFQ_kJcy4oZYkfQvZ4AaABAg,UgxFQ_kJcy4oZYkfQvZ4AaABAg.9j4d5YZgAlv9j4pboGP1jj,@‚Äè‚Äè‚Äé ‚Äé itu omong kosong kami tidak percaya apa prestasi ganjar buktinya ganjar selama jadi gubernur jateng provinsi termiskin dan ganjar cuma rajin main tiktokan dan ketahuan nonton bokep.,Negatif
0Yw9y1GPGBU,UgxFQ_kJcy4oZYkfQvZ4AaABAg,UgxFQ_kJcy4oZYkfQvZ4AaABAg.9j4d5YZgAlv9j4naj5nBRZ,"üìà <b>Survei Elektabilitas Pilpres 2024, Ganjar Urutan Pertama</b> ‚òë",Positif
0Yw9y1GPGBU,,UgxxaNRmfiXCkSulfEh4AaABAg,Raja jawa,Negatif
0Yw9y1GPGBU,UgzxfZYNGticDarKdHl4AaABAg,UgzxfZYNGticDarKdHl4AaABAg.9j4cnUnnPZe9j75bFTaNJh,üíô Survey sudah membuktikan Ganjar Unggul üíô,Positif
0Yw9y1GPGBU,UgzxfZYNGticDarKdHl4AaABAg,UgzxfZYNGticDarKdHl4AaABAg.9j4cnUnnPZe9j4nbLHETPU,"üìà <b>Survei Elektabilitas Pilpres 2024, Ganjar Urutan Pertama</b> ‚òë",Positif
0Yw9y1GPGBU,UgzxfZYNGticDarKdHl4AaABAg,UgzxfZYNGticDarKdHl4AaABAg.9j4cnUnnPZe9j4hUglNrVS,Presiden petugas partai maka penerusnya ya capres petugas partai juga....cocok  markocok lah....<br>Tapi...apakah Indonesia gak bosan ya dipimpin oleh seorang petugas partai selama 10 tahun ?<br>Mau nambah lagi ????,Negatif
0Yw9y1GPGBU,UgzxfZYNGticDarKdHl4AaABAg,UgzxfZYNGticDarKdHl4AaABAg.9j4cnUnnPZe9j4dR63MG0S,lesti pasti lansung adus klu liat comen iniüòÇüòÇüòÇ,Negatif
0Yw9y1GPGBU,UgzYkRKkSTpYy8RJltV4AaABAg,UgzYkRKkSTpYy8RJltV4AaABAg.9j4cmyy8Y4L9j75qO-Sn-V,üíô Survey sudah membuktikan Ganjar Unggul üíô,Positif
0Yw9y1GPGBU,UgzYkRKkSTpYy8RJltV4AaABAg,UgzYkRKkSTpYy8RJltV4AaABAg.9j4cmyy8Y4L9j5XDe_kF4U,Plok,Negatif
0Yw9y1GPGBU,UgzYkRKkSTpYy8RJltV4AaABAg,UgzYkRKkSTpYy8RJltV4AaABAg.9j4cmyy8Y4L9j4msMhHHwR,"üìà <b>Survei Elektabilitas Pilpres 2024, Ganjar Urutan Pertama</b> ‚úÖ",Positif
0Yw9y1GPGBU,Ugx0ePLzKE6yxNCm1R54AaABAg,Ugx0ePLzKE6yxNCm1R54AaABAg.9j4cmgXnCWK9j4ncDhkzYi,"üìà <b>Survei Elektabilitas Pilpres 2024, Ganjar Urutan Pertama</b> ‚òë",Positif
0Yw9y1GPGBU,UgyNJhhLZ6UYbnfrtSx4AaABAg,UgyNJhhLZ6UYbnfrtSx4AaABAg.9j4ciVXW-kY9j4nccZleUk,"üìà <b>Survei Elektabilitas Pilpres 2024, Ganjar Urutan Pertama</b> ‚òë",Positif
0Yw9y1GPGBU,Ugzt-riXfgJCcIhc8tV4AaABAg,Ugzt-riXfgJCcIhc8tV4AaABAg.9j4cY0AH8g79j4nd0zuw4Q,"üìà <b>Survei Elektabilitas Pilpres 2024, Ganjar Urutan Pertama</b> ‚òë",Positif
0Yw9y1GPGBU,,Ugw7G4zYCGWpuseQ5Qh4AaABAg,Capres atau cawapres luar pulau jawa mana,Negatif
